{"frameRate":30,"name":"2080100c","version":"5.5","compatibleVersion":"5.5","armature":[{"type":"Armature","frameRate":30,"name":"2080100c","aabb":{"x":-171.04,"y":-1707.45,"width":195,"height":194},"bone":[{"name":"root"},{"name":"nv","parent":"root"},{"name":"pelvis","parent":"nv","transform":{"x":-107.18,"y":-913}},{"length":97,"name":"spine","parent":"pelvis","transform":{"x":-1.81,"y":-18.04,"skX":-86.84,"skY":-86.84}},{"length":101,"name":"spine1","parent":"spine","transform":{"x":97.89,"y":0.61,"skX":4.5,"skY":4.5}},{"length":172,"name":"spine2","parent":"spine1","transform":{"x":101.22,"y":0.22,"skX":10.26,"skY":10.26}},{"length":71,"name":"neck","parent":"spine2","transform":{"x":172.12,"y":0.19,"skX":-17.89,"skY":-17.89}},{"length":88,"name":"head","parent":"neck","transform":{"x":71.14,"y":-0.04,"skX":-13.29,"skY":-13.29}},{"name":"hair","parent":"head","transform":{"x":187.01,"y":-14.39}}],"slot":[{"name":"1002","parent":"root"}],"skin":[{"name":"","slot":[{"name":"1002","display":[{"type":"mesh","name":"hat/2080100c","width":195,"height":194,"vertices":[23.95,-1513.45,-171.04,-1513.45,-171.04,-1707.44,23.95,-1707.44],"uvs":[1,1,0,1,0,0,1,0],"triangles":[1,0,3,2,1,3],"weights":[1,8,1,1,8,1,1,8,1,1,8,1],"slotPose":[1,0,0,1,0,0],"bonePose":[8,-0.22937,-0.973339,0.973339,-0.22937,-93.038172,-1542.610006],"edges":[1,0,0,3,3,2,2,1]}]}]}],"animation":[{"duration":0,"playTimes":0,"name":"newAnimation"}],"defaultActions":[{"gotoAndPlay":"newAnimation"}]}]}