{"frameRate":25,"name":"mecha_1002_101d_show","version":"5.5","compatibleVersion":"5.5","armature":[{"type":"Armature","frameRate":25,"name":"mecha_1002_101d","aabb":{"x":-370.08,"y":-441.63,"width":657.08,"height":467.71},"bone":[{"inheritScale":false,"length":116,"name":"root","transform":{"x":-1.35,"y":-233.4,"skX":89.647,"skY":89.6814,"scX":0.9989,"scY":0.9981}},{"inheritScale":false,"length":23,"name":"pelvis","parent":"root","transform":{"x":-0.01,"y":0.05,"skX":-165.5296,"skY":-165.5271}},{"inheritScale":false,"length":33,"name":"chest","parent":"pelvis","transform":{"x":23.34,"y":-0.03,"skX":-9.8623,"skY":-9.8643,"scX":0.9997}},{"inheritScale":false,"name":"head","parent":"chest","transform":{"x":63.49,"y":-10.44,"skX":-5.2901,"skY":-5.2918}},{"inheritScale":false,"length":55,"name":"thigh_l","parent":"chest","transform":{"x":-13.68,"y":43.84,"skX":158.4792,"skY":158.4697,"scX":0.9986,"scY":0.9993}},{"inheritScale":false,"length":42,"name":"upperarm_l","parent":"chest","transform":{"x":91.87,"y":107.69,"skX":139.9899,"skY":139.9908,"scX":0.9968,"scY":0.9984}},{"inheritScale":false,"length":34,"name":"upperarm_r","parent":"chest","transform":{"x":57.34,"y":-91.71,"skX":-169.9467,"skY":-169.9515,"scX":0.9981,"scY":0.9991}},{"inheritScale":false,"length":60,"name":"thigh_r","parent":"chest","transform":{"x":-31.77,"y":-49.43,"skX":-150.3578,"skY":-150.3524,"scX":0.9969,"scY":0.9984}},{"inheritScale":false,"length":52,"name":"thigh_1_r","parent":"thigh_r","transform":{"x":60.96,"y":0.04,"skX":-57.4543,"skY":-57.4594,"scX":0.9977,"scY":0.9988}},{"inheritScale":false,"length":58,"name":"forearm_r","parent":"upperarm_r","transform":{"x":34.55,"y":0.02,"skX":9.2754,"skY":9.2814,"scX":0.9977,"scY":0.9989}},{"inheritScale":false,"length":44,"name":"forearm_l","parent":"upperarm_l","transform":{"x":42.42,"y":-0.02,"skX":19.3077,"skY":19.3051}},{"inheritScale":false,"length":61,"name":"thigh_1_l","parent":"thigh_l","transform":{"x":55.37,"y":-0.02,"skX":-10.6291,"skY":-10.6203,"scX":0.9972,"scY":0.9986}},{"inheritScale":false,"length":38,"name":"hand_r","parent":"forearm_r","transform":{"x":58.02,"y":0.03,"skX":104.4143,"skY":104.3791,"scX":0.9987,"scY":0.9977}},{"inheritScale":false,"length":25,"name":"hand_l","parent":"forearm_l","transform":{"x":44.41,"skX":-48.4006,"skY":-48.4152,"scX":0.9989,"scY":0.9979}},{"inheritScale":false,"length":78,"name":"calf_r","parent":"thigh_1_r","transform":{"x":52.36,"y":0.04,"skX":33.1257,"skY":33.1276,"scX":0.9989,"scY":0.9995}},{"inheritScale":false,"length":89,"name":"calf_l","parent":"thigh_1_l","transform":{"x":61.43,"y":-0.02,"skX":6.7512,"skY":6.7462,"scX":0.998,"scY":0.999}},{"inheritScale":false,"name":"foot_l","parent":"calf_l","transform":{"x":89.4,"y":-0.01,"skX":21.1127,"skY":21.1127}},{"inheritScale":false,"name":"weapon_hand_l","parent":"hand_l","transform":{"x":25.81,"y":-0.01,"skX":62.5975,"skY":62.601,"scX":1.0845,"scY":1.0847}},{"inheritScale":false,"name":"weapon_hand_r","parent":"hand_r","transform":{"x":38.66,"y":0.02,"skX":-109.9737,"skY":-109.9721,"scX":0.9981,"scY":0.999}},{"inheritScale":false,"name":"foot_r","parent":"calf_r","transform":{"x":78.56,"y":0.03,"skX":-9.6077,"skY":-9.6077}}],"slot":[{"name":"weapon_hand_r","parent":"weapon_hand_r"},{"name":"forearm_r","parent":"forearm_r"},{"name":"upperarm_r","parent":"upperarm_r"},{"name":"hand_r","parent":"hand_r"},{"name":"foot_r","parent":"foot_r"},{"name":"calf_r","parent":"calf_r"},{"name":"thigh_1_r","parent":"thigh_1_r"},{"name":"thigh_r","parent":"thigh_r"},{"name":"chest","parent":"chest"},{"name":"pelvis","parent":"pelvis"},{"name":"head","parent":"head"},{"name":"foot_l","parent":"foot_l"},{"name":"calf_l","parent":"calf_l"},{"name":"thigh_1_l","parent":"thigh_1_l"},{"name":"thigh_l","parent":"thigh_l"},{"name":"upperarm_l","parent":"upperarm_l"},{"name":"forearm_l","parent":"forearm_l"},{"name":"hand_l","parent":"hand_l"},{"name":"weapon_hand_l","parent":"weapon_hand_l"}],"skin":[{"name":"","slot":[{"name":"foot_l","display":[{"name":"mecha_1002_101d_folder/foot_l","transform":{"x":15.95,"y":12.9}}]},{"name":"weapon_hand_r","display":[{"type":"armature","name":"mecha_1002_101d_folder/weapon_hand_r"}]},{"name":"upperarm_r","display":[{"name":"mecha_1002_101d_folder/upperarm_r","transform":{"x":-28.55,"y":-6.3,"skX":2.43,"skY":2.43}}]},{"name":"foot_r","display":[{"name":"mecha_1002_101d_folder/foot_r","transform":{"x":13.95,"y":8.95}}]},{"name":"weapon_hand_l","display":[{"name":"mecha_1002_101d_folder/weapon_hand_l","transform":{"x":2.45,"y":-3.5}}]},{"name":"thigh_1_r","display":[{"name":"mecha_1002_101d_folder/thigh_1_r","transform":{"x":12.5,"y":-5.45,"skX":1.23,"skY":1.23}}]},{"name":"forearm_l","display":[{"name":"mecha_1002_101d_folder/forearm_l","transform":{"x":39,"y":-20.15,"skX":15.91,"skY":15.91}}]},{"name":"chest","display":[{"name":"mecha_1002_101d_folder/chest","transform":{"x":39.25,"y":67.75,"skX":-6.79,"skY":-6.79}}]},{"name":"thigh_l","display":[{"name":"mecha_1002_101d_folder/thigh_l","transform":{"x":36.75,"y":0.9,"skX":4.97,"skY":4.97}}]},{"name":"calf_l","display":[{"name":"mecha_1002_101d_folder/calf_l","transform":{"x":23.15,"y":12.75,"skX":2.34,"skY":2.34}}]},{"name":"head","display":[{"name":"mecha_1002_101d_folder/head","transform":{"x":17}}]},{"name":"forearm_r","display":[{"name":"mecha_1002_101d_folder/forearm_r","transform":{"x":40.1,"y":6.8,"skX":-1.83,"skY":-1.83}}]},{"name":"hand_r","display":[{"name":"mecha_1002_101d_folder/hand_r","transform":{"x":-9.5,"y":-9.05,"skX":-105.23,"skY":-105.23}}]},{"name":"calf_r","display":[{"name":"mecha_1002_101d_folder/calf_r","transform":{"x":15.45,"y":-0.8,"skX":-0.1,"skY":-0.1}}]},{"name":"hand_l","display":[{"name":"mecha_1002_101d_folder/hand_l","transform":{"x":4,"y":21.2,"skX":83.85,"skY":83.85}}]},{"name":"thigh_r","display":[{"name":"mecha_1002_101d_folder/thigh_r","transform":{"x":47.35,"y":8.45,"skX":-0.61,"skY":-0.61}}]},{"name":"upperarm_l","display":[{"name":"mecha_1002_101d_folder/upperarm_l","transform":{"x":-31.95,"y":3.1,"skX":-0.37,"skY":-0.37}}]},{"name":"pelvis","display":[{"name":"mecha_1002_101d_folder/pelvis","transform":{"x":7.95,"y":3.1,"skX":-13.65,"skY":-13.65}}]},{"name":"thigh_1_l","display":[{"name":"mecha_1002_101d_folder/thigh_1_l","transform":{"x":13.8,"skX":-2.45,"skY":-2.45}}]}]}],"animation":[{"duration":80,"playTimes":0,"name":"idle","bone":[{"name":"root","translateFrame":[{"duration":40,"tweenEasing":0},{"duration":40,"tweenEasing":0,"x":-0.05,"y":-5.9},{"duration":0}],"rotateFrame":[{"duration":40,"tweenEasing":0},{"duration":40,"tweenEasing":0,"rotate":-0.75},{"duration":0}]},{"name":"weapon_hand_r","translateFrame":[{"duration":32,"tweenEasing":0},{"duration":8,"tweenEasing":0,"x":0.77,"y":-1.8},{"duration":7,"tweenEasing":0,"x":0.93,"y":-2.16},{"duration":33,"tweenEasing":0,"x":0.98,"y":-2.41},{"duration":0}],"rotateFrame":[{"duration":32,"tweenEasing":0},{"duration":8,"tweenEasing":0,"rotate":-1.51},{"duration":7,"tweenEasing":0,"rotate":-1.76},{"duration":33,"tweenEasing":0,"rotate":-2.01},{"duration":0}]},{"name":"forearm_r","translateFrame":[{"duration":32,"tweenEasing":0},{"duration":8,"tweenEasing":0,"x":-0.05,"y":0.09},{"duration":7,"tweenEasing":0,"x":0.02,"y":-0.02},{"duration":33,"tweenEasing":0,"y":0.04},{"duration":0}],"rotateFrame":[{"duration":32,"tweenEasing":0},{"duration":8,"tweenEasing":0,"rotate":2.5},{"duration":7,"tweenEasing":0,"rotate":2.76},{"duration":33,"tweenEasing":0,"rotate":2.76},{"duration":0}]},{"name":"upperarm_r","translateFrame":[{"duration":32,"tweenEasing":0},{"duration":8,"tweenEasing":0,"x":0.64,"y":1.42},{"duration":7,"tweenEasing":0,"x":1.3,"y":1.76},{"duration":33,"tweenEasing":0,"x":1.21,"y":1.67},{"duration":0}],"rotateFrame":[{"duration":32,"tweenEasing":0},{"duration":8,"tweenEasing":0,"rotate":-0.25},{"duration":7,"tweenEasing":0,"rotate":-0.01},{"duration":33,"tweenEasing":0,"rotate":-0.25},{"duration":0}]},{"name":"hand_r","translateFrame":[{"duration":32,"tweenEasing":0},{"duration":8,"tweenEasing":0,"x":0.14,"y":-0.03},{"duration":7,"tweenEasing":0,"x":0.17},{"duration":33,"tweenEasing":0,"x":0.15,"y":0.04},{"duration":0}],"rotateFrame":[{"duration":32,"tweenEasing":0},{"duration":8,"tweenEasing":0,"rotate":1.51},{"duration":7,"tweenEasing":0,"rotate":1.76},{"duration":33,"tweenEasing":0,"rotate":2},{"duration":0}]},{"name":"foot_r","translateFrame":[{"duration":32,"tweenEasing":0},{"duration":8,"tweenEasing":0,"x":0.09,"y":-0.15},{"duration":7,"tweenEasing":0,"x":0.04,"y":-0.2},{"duration":33,"tweenEasing":0,"x":0.04,"y":-0.15},{"duration":0}],"rotateFrame":[{"duration":32,"tweenEasing":0},{"duration":15,"tweenEasing":0,"rotate":0.5},{"duration":33,"tweenEasing":0,"rotate":0.5},{"duration":0}]},{"name":"calf_r","translateFrame":[{"duration":32,"tweenEasing":0},{"duration":8,"tweenEasing":0,"x":1.82,"y":0.23},{"duration":7,"tweenEasing":0,"x":1.93,"y":0.35},{"duration":33,"tweenEasing":0,"x":1.82,"y":0.32},{"duration":0}],"rotateFrame":[{"duration":32,"tweenEasing":0},{"duration":8,"tweenEasing":0,"rotate":-4.77},{"duration":7,"tweenEasing":0,"rotate":-5.02},{"duration":33,"tweenEasing":0,"rotate":-4.76},{"duration":0}]},{"name":"thigh_1_r","translateFrame":[{"duration":32,"tweenEasing":0},{"duration":8,"tweenEasing":0,"x":0.37,"y":-0.25},{"duration":7,"tweenEasing":0,"x":0.36,"y":-0.32},{"duration":33,"tweenEasing":0,"x":0.4,"y":-0.06},{"duration":0}],"rotateFrame":[{"duration":32,"tweenEasing":0},{"duration":8,"tweenEasing":0,"rotate":6.53},{"duration":7,"tweenEasing":0,"rotate":7.03},{"duration":33,"tweenEasing":0,"rotate":6.78},{"duration":0}]},{"name":"thigh_r","translateFrame":[{"duration":32,"tweenEasing":0},{"duration":8,"tweenEasing":0,"x":0.19,"y":0.2},{"duration":7,"tweenEasing":0,"x":0.41,"y":0.02},{"duration":33,"tweenEasing":0,"x":0.19,"y":0.19},{"duration":0}],"rotateFrame":[{"duration":32,"tweenEasing":0},{"duration":8,"tweenEasing":0,"rotate":-1.76},{"duration":7,"tweenEasing":0,"rotate":-1.77},{"duration":33,"tweenEasing":0,"rotate":-2.01},{"duration":0}]},{"name":"chest","translateFrame":[{"duration":32,"tweenEasing":0},{"duration":8,"tweenEasing":0,"x":0.68,"y":-0.31},{"duration":7,"tweenEasing":0,"x":-0.08,"y":-0.08},{"duration":33,"tweenEasing":0,"x":0.67,"y":-0.32},{"duration":0}],"rotateFrame":[{"duration":32,"tweenEasing":0},{"duration":8,"tweenEasing":0,"rotate":-0.7},{"duration":7,"tweenEasing":0,"rotate":-0.99},{"duration":33,"tweenEasing":0,"rotate":-0.7},{"duration":0}]},{"name":"pelvis","translateFrame":[{"duration":40,"tweenEasing":0},{"duration":40,"tweenEasing":0,"x":-0.02,"y":-0.04},{"duration":0}],"rotateFrame":[{"duration":40,"tweenEasing":0},{"duration":40,"tweenEasing":0,"rotate":1},{"duration":0}]},{"name":"head","translateFrame":[{"duration":32,"tweenEasing":0},{"duration":8,"tweenEasing":0,"x":-0.22,"y":-0.02},{"duration":7,"tweenEasing":0,"x":-0.12,"y":0.15},{"duration":33,"tweenEasing":0,"x":-0.22,"y":-0.03},{"duration":0}],"rotateFrame":[{"duration":32,"tweenEasing":0},{"duration":8,"tweenEasing":0,"rotate":0.75},{"duration":7,"tweenEasing":0,"rotate":1.24},{"duration":33,"tweenEasing":0,"rotate":0.75},{"duration":0}]},{"name":"foot_l","translateFrame":[{"duration":32,"tweenEasing":0},{"duration":8,"tweenEasing":0,"x":-0.1,"y":-0.12},{"duration":7,"tweenEasing":0,"x":-0.11,"y":-0.07},{"duration":33,"tweenEasing":0,"x":-0.1,"y":-0.12},{"duration":0}],"rotateFrame":[{"duration":32,"tweenEasing":0},{"duration":15,"tweenEasing":0,"rotate":-0.75},{"duration":33,"tweenEasing":0,"rotate":-0.75},{"duration":0}]},{"name":"calf_l","translateFrame":[{"duration":32,"tweenEasing":0},{"duration":8,"tweenEasing":0,"x":2.11,"y":-0.65},{"duration":7,"tweenEasing":0,"x":2.33,"y":-0.85},{"duration":33,"tweenEasing":0,"x":2.12,"y":-0.65},{"duration":0,"x":0.05}],"rotateFrame":[{"duration":32,"tweenEasing":0},{"duration":8,"tweenEasing":0,"rotate":-1},{"duration":7,"tweenEasing":0,"rotate":-1.25},{"duration":33,"tweenEasing":0,"rotate":-1},{"duration":0}]},{"name":"thigh_1_l","translateFrame":[{"duration":32,"tweenEasing":0},{"duration":8,"tweenEasing":0,"x":3.43,"y":0.94},{"duration":7,"tweenEasing":0,"x":3.7,"y":1.14},{"duration":33,"tweenEasing":0,"x":3.48,"y":0.98},{"duration":0}],"rotateFrame":[{"duration":32,"tweenEasing":0},{"duration":8,"tweenEasing":0,"rotate":3.26},{"duration":7,"tweenEasing":0,"rotate":3.76},{"duration":33,"tweenEasing":0,"rotate":3.26},{"duration":0}]},{"name":"thigh_l","translateFrame":[{"duration":32,"tweenEasing":0},{"duration":8,"tweenEasing":0,"x":-0.08,"y":-0.48},{"duration":7,"tweenEasing":0,"x":-0.22,"y":-0.64},{"duration":33,"tweenEasing":0,"x":-0.08,"y":-0.49},{"duration":0}],"rotateFrame":[{"duration":32,"tweenEasing":0},{"duration":8,"tweenEasing":0,"rotate":-1},{"duration":7,"tweenEasing":0,"rotate":-1.01},{"duration":33,"tweenEasing":0,"rotate":-1},{"duration":0}]},{"name":"upperarm_l","translateFrame":[{"duration":32,"tweenEasing":0},{"duration":8,"tweenEasing":0,"x":4.29,"y":-2.4},{"duration":7,"tweenEasing":0,"x":4.51,"y":-2.47},{"duration":33,"tweenEasing":0,"x":5.01,"y":-2.91},{"duration":0}],"rotateFrame":[{"duration":32,"tweenEasing":0},{"duration":8,"tweenEasing":0,"rotate":-0.26},{"duration":7,"tweenEasing":0,"rotate":-0.26},{"duration":33,"tweenEasing":0,"rotate":-0.51},{"duration":0}]},{"name":"forearm_l","translateFrame":[{"duration":32,"tweenEasing":0},{"duration":8,"tweenEasing":0,"x":-0.12,"y":0.04},{"duration":7,"tweenEasing":0,"x":-0.17,"y":0.17},{"duration":33,"tweenEasing":0,"x":-0.13,"y":0.16},{"duration":0}],"rotateFrame":[{"duration":32,"tweenEasing":0},{"duration":8,"tweenEasing":0,"rotate":-0.25},{"duration":7,"tweenEasing":0,"rotate":-0.24},{"duration":33,"tweenEasing":0,"rotate":-0.25},{"duration":0}]},{"name":"hand_l","translateFrame":[{"duration":32,"tweenEasing":0},{"duration":8,"tweenEasing":0,"x":0.44,"y":0.57},{"duration":7,"tweenEasing":0,"x":0.58,"y":0.65},{"duration":33,"tweenEasing":0,"x":0.76,"y":0.62},{"duration":0}],"rotateFrame":[{"duration":32,"tweenEasing":0},{"duration":8,"tweenEasing":0,"rotate":-0.5},{"duration":7,"tweenEasing":0,"rotate":-0.5},{"duration":33,"tweenEasing":0,"rotate":-0.75},{"duration":0}]},{"name":"weapon_hand_l","translateFrame":[{"duration":32,"tweenEasing":0},{"duration":8,"tweenEasing":0,"x":-1.76,"y":0.94},{"duration":7,"tweenEasing":0,"x":-1.91,"y":1.07},{"duration":33,"tweenEasing":0,"x":-1.89,"y":1.2},{"duration":0}],"rotateFrame":[{"duration":32,"tweenEasing":0},{"duration":8,"tweenEasing":0,"rotate":0.5},{"duration":7,"tweenEasing":0,"rotate":0.5},{"duration":33,"tweenEasing":0,"rotate":0.75},{"duration":0}]}]}],"defaultActions":[{"gotoAndPlay":"idle"}]},{"type":"Armature","frameRate":25,"name":"mecha_1002_101d_folder/weapon_hand_r","aabb":{"x":-231,"y":-58,"width":554,"height":140},"bone":[{"inheritScale":false,"name":"图层 1","transform":{"x":46,"y":12,"scX":0.8123,"scY":0.8123}}],"slot":[{"name":"图层 1","parent":"图层 1"}],"skin":[{"name":"","slot":[{"name":"图层 1","display":[{"name":"mecha_1002_101d_folder/textures/weapon_hand_r_4"}]}]}],"animation":[{"duration":0,"name":"idle"}],"defaultActions":[{"gotoAndPlay":"idle"}]}]}