{"SubTexture":[{"width":125,"y":342,"height":56,"name":"mecha_1002_101d_folder/forearm_r","x":557},{"width":124,"y":273,"height":67,"name":"mecha_1002_101d_folder/upperarm_r","x":557},{"frameX":0,"frameHeight":42,"y":297,"frameY":0,"frameWidth":57,"width":57,"height":41,"name":"mecha_1002_101d_folder/hand_r","x":683},{"width":79,"y":1,"height":129,"name":"mecha_1002_101d_folder/foot_r","x":477},{"width":169,"y":1,"height":107,"name":"mecha_1002_101d_folder/calf_r","x":306},{"frameX":0,"frameHeight":51,"y":1,"frameY":0,"frameWidth":48,"width":47,"height":51,"name":"mecha_1002_101d_folder/thigh_1_r","x":650},{"frameX":-8,"frameHeight":116,"y":191,"frameY":-16,"frameWidth":145,"width":128,"height":89,"name":"mecha_1002_101d_folder/thigh_r","x":425},{"frameX":0,"frameHeight":303,"y":1,"frameY":-2,"frameWidth":303,"width":303,"height":301,"name":"mecha_1002_101d_folder/chest","x":1},{"frameX":0,"frameHeight":113,"y":182,"frameY":0,"frameWidth":92,"width":80,"height":113,"name":"mecha_1002_101d_folder/pelvis","x":690},{"frameX":-1,"frameHeight":31,"y":69,"frameY":0,"frameWidth":34,"width":33,"height":31,"name":"mecha_1002_101d_folder/head","x":610},{"width":90,"y":1,"height":66,"name":"mecha_1002_101d_folder/foot_l","x":558},{"frameX":0,"frameHeight":79,"y":110,"frameY":0,"frameWidth":166,"width":165,"height":79,"name":"mecha_1002_101d_folder/calf_l","x":306},{"width":50,"y":69,"height":36,"name":"mecha_1002_101d_folder/thigh_1_l","x":558},{"frameX":-6,"frameHeight":103,"y":191,"frameY":-11,"frameWidth":148,"width":133,"height":80,"name":"mecha_1002_101d_folder/thigh_l","x":555},{"width":141,"y":110,"height":70,"name":"mecha_1002_101d_folder/upperarm_l","x":558},{"width":117,"y":191,"height":106,"name":"mecha_1002_101d_folder/forearm_l","x":306},{"width":64,"y":132,"height":57,"name":"mecha_1002_101d_folder/hand_l","x":473},{"frameX":0,"frameHeight":74,"y":442,"frameY":0,"frameWidth":208,"width":208,"height":69,"name":"mecha_1002_101d_folder/weapon_hand_l","x":1},{"frameX":0,"frameHeight":140,"y":304,"frameY":0,"frameWidth":554,"width":554,"height":136,"name":"mecha_1002_101d_folder/textures/weapon_hand_r_4","x":1}],"width":1024,"height":512,"name":"mecha_1002_101d_show","imagePath":"mecha_1002_101d_show_tex.png"}