{"frameRate":24,"name":"bullet_01","version":"5.5","compatibleVersion":"5.5","armature":[{"type":"Armature","frameRate":24,"name":"bullet_01","aabb":{"x":-64,"y":-10,"width":74,"height":20},"bone":[{"length":20,"name":"root"},{"inheritScale":false,"length":20,"name":"bullet","parent":"root"}],"slot":[{"name":"b","parent":"bullet","color":{"aM":50}}],"skin":[{"name":"","slot":[{"name":"b","display":[{"name":"bullet_01_f/bullet_01","transform":{"x":-27}}]}]}],"animation":[{"duration":12,"name":"idle","bone":[{"name":"bullet","translateFrame":[{"duration":12,"tweenEasing":0},{"duration":0,"x":100}],"scaleFrame":[{"duration":4,"tweenEasing":0,"x":0.1,"y":0.3},{"duration":8,"x":1.8,"y":1.1}]}],"slot":[{"name":"b","colorFrame":[{"duration":2,"tweenEasing":0,"value":{"aM":0}},{"duration":8,"tweenEasing":0,"value":{"aM":50}},{"duration":2,"tweenEasing":0,"value":{"aM":50}},{"duration":0,"value":{"aM":0}}]}]}],"defaultActions":[{"gotoAndPlay":"idle"}]}]}