{"frameRate":30,"name":"20803005","version":"5.5","compatibleVersion":"5.5","armature":[{"type":"Armature","frameRate":30,"name":"20803005","aabb":{"x":2.05,"y":-1397.2,"width":16,"height":26},"bone":[{"name":"root"},{"name":"nv","parent":"root"},{"name":"pelvis","parent":"nv","transform":{"x":-107.18,"y":-913}},{"length":97,"name":"spine","parent":"pelvis","transform":{"x":-1.81,"y":-18.04,"skX":-86.84,"skY":-86.84}},{"length":101,"name":"spine1","parent":"spine","transform":{"x":97.89,"y":0.61,"skX":4.5,"skY":4.5}},{"length":172,"name":"spine2","parent":"spine1","transform":{"x":101.22,"y":0.22,"skX":10.26,"skY":10.26}},{"length":71,"name":"neck","parent":"spine2","transform":{"x":172.12,"y":0.19,"skX":-17.89,"skY":-17.89}},{"length":88,"name":"head","parent":"neck","transform":{"x":71.14,"y":-0.04,"skX":-13.29,"skY":-13.29}}],"slot":[{"name":"1006","parent":"root"}],"skin":[{"name":"","slot":[{"name":"1006","display":[{"type":"mesh","name":"earring/20803005","width":16,"height":26,"vertices":[18.05,-1371.21,2.05,-1371.21,2.05,-1397.19,18.06,-1397.2],"uvs":[1,1,0,1,0,0,1,0],"triangles":[1,0,3,2,1,3],"weights":[1,7,1,1,7,1,1,7,1,1,7,1],"slotPose":[1,0,0,1,0,0],"bonePose":[7,-0.22937,-0.973339,0.973339,-0.22937,-36.137286,-1363.886473],"edges":[1,0,0,3,3,2,2,1]}]}]}],"animation":[{"duration":0,"playTimes":0,"name":"newAnimation"}],"defaultActions":[{"gotoAndPlay":"newAnimation"}]}]}