{"SubTexture":[{"width":85,"y":193,"height":59,"name":"mecha_1406_folder/shouder_l","x":143},{"width":47,"y":299,"height":60,"name":"mecha_1406_folder/textures/foot_l_0","x":1},{"width":60,"y":254,"height":31,"name":"mecha_1406_folder/textures/thigh_1_l_0","x":123},{"width":70,"y":249,"height":48,"name":"mecha_1406_folder/calf_l","x":1},{"width":105,"y":65,"height":60,"name":"mecha_1406_folder/thigh_l","x":135},{"width":132,"y":1,"height":136,"name":"mecha_1406_folder/chest","x":1},{"width":48,"y":249,"height":61,"name":"mecha_1406_folder/foot_r","x":73},{"width":64,"y":198,"height":31,"name":"mecha_1406_folder/textures/thigh_1_r_1","x":76},{"width":73,"y":198,"height":49,"name":"mecha_1406_folder/calf_r","x":1},{"width":107,"y":1,"height":62,"name":"mecha_1406_folder/thigh_r","x":135},{"width":97,"y":287,"height":14,"name":"mecha_1406_folder/weapon_1","x":123},{"width":140,"y":139,"height":57,"name":"mecha_1406_folder/weapon","x":1},{"width":87,"y":127,"height":64,"name":"mecha_1406_folder/shouder_r","x":143}],"width":256,"height":512,"name":"mecha_1406","imagePath":"mecha_1406_tex.png"}