{"frameRate":30,"name":"2080500b_1","version":"5.5","compatibleVersion":"5.5","armature":[{"type":"Armature","frameRate":30,"name":"2080500b_1","aabb":{"x":-363.61,"y":-1051.72,"width":207,"height":240},"bone":[{"name":"root"},{"name":"nv","parent":"root"},{"name":"pelvis","parent":"nv","transform":{"x":-107.18,"y":-913}},{"length":97,"name":"spine","parent":"pelvis","transform":{"x":-1.81,"y":-18.04,"skX":-86.84,"skY":-86.84}},{"length":101,"name":"spine1","parent":"spine","transform":{"x":97.89,"y":0.61,"skX":4.5,"skY":4.5}},{"length":172,"name":"spine2","parent":"spine1","transform":{"x":101.22,"y":0.22,"skX":10.26,"skY":10.26}},{"length":195,"name":"upperarm_l","parent":"spine2","transform":{"x":93.55,"y":-65.17,"skX":-179.09,"skY":-179.09}},{"length":166,"name":"forearm_l","parent":"upperarm_l","transform":{"x":194.88,"y":0.53,"skX":12.43,"skY":12.43}},{"length":54,"name":"hand_l","parent":"forearm_l","transform":{"x":166.89,"y":0.14,"skX":5.39,"skY":5.39}}],"slot":[{"name":"1041","parent":"root"}],"skin":[{"name":"","slot":[{"name":"1041","display":[{"type":"mesh","name":"glove/2080500b_1","width":207,"height":240,"vertices":[-169.36,-1030.44,-169.36,-1017.43,-178.75,-1003.35,-244.85,-912.87,-252.44,-897.7,-255.13,-881.99,-267.58,-810.16,-376.33,-810.13,-376.33,-827.25,-306.59,-907.44,-296.31,-922.62,-287.64,-935.62,-235.63,-1036.94,-225.33,-1050.16],"uvs":[1,0.08216,1,0.13634,0.95463,0.19503,0.63532,0.57202,0.59868,0.63523,0.58559,0.70069,0.52539,0.99999,0,1,0,0.92869,0.33695,0.59459,0.38668,0.53138,0.42855,0.47721,0.67981,0.05507,0.72954,0],"triangles":[2,1,0,13,2,0,11,3,12,13,12,2,12,3,2,11,4,3,9,6,5,9,5,4,10,9,4,11,10,4,9,8,6,8,7,6],"weights":[1,7,1,1,7,1,1,7,1,2,7,0.91152,8,0.08847,2,7,0.43677,8,0.56322,2,7,0.08826,8,0.91173,1,8,0.99999,2,7,0.00001,8,0.99998,2,7,0.00001,8,0.99998,2,7,0.04483,8,0.95516,2,7,0.40685,8,0.59314,2,7,0.82361,8,0.17638,1,7,1,1,7,1],"slotPose":[1,0,0,1,0,0],"bonePose":[7,-0.518922,0.854821,-0.854821,-0.518922,-185.900195,-1053.819626,8,-0.596925,0.802297,-0.802297,-0.596925,-272.622839,-911.231146],"edges":[7,6,6,5,5,4,4,3,3,2,2,1,1,0,0,13,13,12,12,11,11,10,10,9,9,8,8,7],"userEdges":[12,2,10,4,11,3,9,5]}]}]}],"animation":[{"duration":0,"playTimes":0,"name":"newAnimation"}],"defaultActions":[{"gotoAndPlay":"newAnimation"}]}]}