{"imagePath":"mecha_1004d_tex.png","width":1024,"SubTexture":[{"width":105,"y":130,"height":82,"name":"mecha_1004d_folder/textures/forearm_l_1","x":859},{"width":80,"y":288,"height":65,"name":"mecha_1004d_folder/textures/forearm_l_0","x":859},{"width":100,"y":214,"height":72,"name":"mecha_1004d_folder/textures/forearm_l_2","x":859},{"width":26,"y":212,"height":25,"name":"mecha_1004d_folder/textures/hand_l_2","x":496},{"width":26,"y":510,"height":19,"name":"mecha_1004d_folder/textures/hand_l_1","x":961},{"width":27,"y":485,"height":23,"name":"mecha_1004d_folder/textures/hand_l_3","x":961},{"width":26,"y":485,"height":22,"name":"mecha_1004d_folder/textures/hand_l_0","x":990},{"width":69,"y":951,"height":56,"name":"mecha_1004d_folder/textures/shouder_l_2","x":1},{"width":70,"y":186,"height":61,"name":"mecha_1004d_folder/textures/shouder_l_0","x":311},{"width":63,"y":1,"height":59,"name":"mecha_1004d_folder/textures/shouder_l_1","x":960},{"width":29,"y":128,"height":83,"name":"mecha_1004d_folder/textures/foot_l_0","x":966},{"width":83,"y":353,"height":56,"name":"mecha_1004d_folder/textures/thigh_l_0","x":418},{"width":61,"y":546,"height":44,"name":"mecha_1004d_folder/textures/calf_l_0","x":957},{"width":74,"y":951,"height":46,"name":"mecha_1004d_folder/textures/calf_l_1","x":72},{"width":64,"y":347,"height":71,"name":"mecha_1004d_folder/textures/pelvis_1","x":941},{"width":58,"y":62,"height":64,"name":"mecha_1004d_folder/textures/pelvis_3","x":960},{"width":68,"y":546,"height":61,"name":"mecha_1004d_folder/textures/pelvis_0","x":887},{"width":163,"y":185,"height":186,"name":"mecha_1004d_folder/textures/chest_3","x":529},{"width":154,"y":1,"height":183,"name":"mecha_1004d_folder/textures/chest_0","x":227},{"width":168,"y":1,"height":182,"name":"mecha_1004d_folder/textures/chest_2","x":384},{"width":163,"y":185,"height":184,"name":"mecha_1004d_folder/textures/chest_1","x":694},{"width":30,"y":355,"height":85,"name":"mecha_1004d_folder/textures/foot_r_1","x":887},{"width":35,"y":592,"height":64,"name":"mecha_1004d_folder/textures/foot_r_0","x":957},{"width":76,"y":130,"height":47,"name":"mecha_1004d_folder/textures/calf_r_1","x":758},{"width":72,"y":671,"height":39,"name":"mecha_1004d_folder/textures/calf_r_0","x":290},{"width":82,"y":288,"height":57,"name":"mecha_1004d_folder/textures/thigh_r_1","x":941},{"width":82,"y":186,"height":58,"name":"mecha_1004d_folder/textures/thigh_r_0","x":227},{"width":59,"y":214,"height":61,"name":"mecha_1004d_folder/textures/shouder_r_0","x":961},{"width":68,"y":420,"height":63,"name":"mecha_1004d_folder/textures/shouder_r_1","x":941},{"width":72,"y":485,"height":59,"name":"mecha_1004d_folder/textures/shouder_r_2","x":887},{"width":27,"y":509,"height":21,"name":"mecha_1004d_folder/textures/hand_r_2","x":990},{"width":26,"y":442,"height":24,"name":"mecha_1004d_folder/textures/hand_r_1","x":887},{"width":29,"y":185,"height":25,"name":"mecha_1004d_folder/textures/hand_r_3","x":496},{"width":111,"y":185,"height":56,"name":"mecha_1004d_folder/textures/forearm_r_2","x":383},{"width":102,"y":671,"height":39,"name":"mecha_1004d_folder/textures/forearm_r_3","x":186},{"width":224,"y":1,"height":246,"name":"we_bl_4_f/1","x":1},{"frameX":-1,"frameHeight":196,"y":475,"frameY":-1,"frameWidth":198,"width":196,"height":194,"name":"we_bl_4_f/3","x":186},{"frameX":0,"frameHeight":118,"y":353,"frameY":0,"frameWidth":203,"width":202,"height":117,"name":"we_bl_4_f/5","x":214},{"frameX":0,"frameHeight":237,"y":713,"frameY":0,"frameWidth":182,"width":182,"height":236,"name":"we_bl_4_f/2","x":1},{"frameX":0,"frameHeight":128,"y":1,"frameY":0,"frameWidth":201,"width":200,"height":127,"name":"we_bl_4_f/4","x":758},{"frameX":0,"frameHeight":236,"y":475,"frameY":0,"frameWidth":184,"width":183,"height":236,"name":"we_bl_5_f/1","x":1},{"width":185,"y":713,"height":212,"name":"we_bl_5_f/2","x":185},{"frameX":-1,"frameHeight":121,"y":371,"frameY":0,"frameWidth":192,"width":191,"height":121,"name":"we_bl_5_f/5","x":694},{"frameX":-1,"frameHeight":224,"y":249,"frameY":0,"frameWidth":212,"width":211,"height":224,"name":"we_bl_5_f/3","x":1},{"width":202,"y":1,"height":145,"name":"we_bl_5_f/4","x":554},{"width":313,"y":249,"height":102,"name":"weapon_replace_folder/weapon_hand_r_4","x":214}],"height":1024,"name":"mecha_1004d"}