{"frameRate":24,"name":"floor_board","version":"5.5","compatibleVersion":"5.5","armature":[{"type":"Armature","frameRate":24,"name":"floor_board","aabb":{"x":-198.84,"y":-85.92,"width":548.84,"height":227.23},"bone":[{"name":"root"},{"inheritRotation":false,"inheritScale":false,"length":100,"name":"circle","parent":"root","transform":{"x":300}},{"length":100,"name":"floor_board","parent":"root"},{"inheritRotation":false,"inheritScale":false,"length":50,"name":"player","parent":"floor_board"}],"slot":[{"name":"flame_01","parent":"floor_board"},{"name":"flame_02","parent":"floor_board"},{"name":"floor_board","parent":"floor_board"},{"name":"player","parent":"player"},{"name":"circle","parent":"circle","color":{"aM":30}}],"skin":[{"name":"","slot":[{"name":"floor_board","display":[{"name":"weapon_1002_101","transform":{"x":-2.05,"y":13.82,"skX":-4.25,"skY":-4.25,"scX":1.1,"scY":1.1}}]},{"name":"player","display":[{"name":"circle"}]},{"name":"flame_02","display":[{"type":"armature","name":"flame_01","transform":{"x":-74.91,"y":43.81,"skX":63.15,"skY":63.15}}]},{"name":"circle","display":[{"name":"circle"}]},{"name":"flame_01","display":[{"type":"armature","name":"flame_01","transform":{"x":-163,"y":11.58,"skX":90.89,"skY":90.89}}]}]}],"animation":[{"duration":50,"playTimes":0,"name":"idle","bone":[{"name":"floor_board","translateFrame":[{"duration":25,"curve":[0.5,0,0.5,1]},{"duration":25,"curve":[0.5,0,0.5,1],"y":10},{"duration":0}]}]}],"defaultActions":[{"gotoAndPlay":"idle"}]},{"type":"Armature","frameRate":24,"name":"flame_01","aabb":{"x":-90,"y":-22,"width":180,"height":234},"bone":[{"name":"root"},{"inheritScale":false,"length":30,"name":"b2","parent":"root","transform":{"skX":90,"skY":90}}],"slot":[{"name":"b1","parent":"root"},{"blendMode":"add","name":"b2","parent":"b2"}],"skin":[{"name":"","slot":[{"name":"b1","display":[{"name":"flame_01_f/ba_bu_flame1","transform":{"y":85,"skX":-90,"skY":-90}}]},{"name":"b2","display":[{"name":"flame_01_f/bbb","transform":{"x":95,"skX":-90,"skY":-90}}]}]}],"animation":[{"duration":3,"playTimes":0,"name":"idle","bone":[{"name":"b2","scaleFrame":[{"duration":3,"tweenEasing":0},{"duration":0,"x":0.5,"y":0.5}]}],"slot":[{"name":"b2","colorFrame":[{"duration":2,"tweenEasing":0},{"value":{"aM":30}}]}]}],"defaultActions":[{"gotoAndPlay":"idle"}]}]}