{"frameRate":30,"name":"20703020","version":"5.5","compatibleVersion":"5.5","armature":[{"type":"Armature","frameRate":30,"name":"20703020","aabb":{"x":-125.5,"y":-71.45,"width":92,"height":138},"bone":[{"name":"root"},{"name":"nv","parent":"root"},{"name":"ik_foot_l","parent":"nv","transform":{"x":-58.79,"y":-68.24,"skX":100.64,"skY":100.64}},{"name":"pelvis","parent":"nv","transform":{"x":-107.18,"y":-913}},{"length":407,"name":"thigh_l","parent":"pelvis","transform":{"x":-39.11,"y":33.29,"skX":85.04,"skY":85.04}},{"length":408,"name":"calf_l","parent":"thigh_l","transform":{"x":407.97,"y":-1.43,"skX":-2.7,"skY":-2.7}},{"inheritRotation":false,"length":108,"name":"foot_l","parent":"calf_l","transform":{"x":411.64,"y":0.23,"skX":103.24,"skY":103.24}}],"slot":[{"name":"1023","parent":"root"}],"ik":[{"bendPositive":false,"chain":1,"name":"ik_foot_l","bone":"calf_l","target":"ik_foot_l"}],"skin":[{"name":"","slot":[{"name":"1023","display":[{"type":"mesh","name":"shoe/20703020","width":92,"height":138,"vertices":[-27.01,-40.69,-26.64,78.07,-118.63,78.35,-118.81,21.66,-96.29,0.4,-89.6,-38.22,-88.9,-59.73,-27.07,-59.93],"uvs":[1,0.1394,1,1,0,1,0,0.58922,0.2455,0.43562,0.31956,0.15586,0.32778,0,1,0],"triangles":[6,5,0,5,4,0,4,3,1,3,2,1,0,4,1,6,0,7],"weights":[2,5,0.104,6,0.89599,1,6,1,1,6,1,1,6,1,1,6,1,2,5,0.08,6,0.91999,2,5,0.45599,6,0.544,2,5,0.44799,6,0.552],"slotPose":[1,0,0,1,0,0],"bonePose":[5,0.133294,0.991076,-0.991076,0.133294,-109.592168,-473.391363,6,-0.202787,0.979223,-0.979223,-0.202787,-54.950844,-65.393975],"edges":[2,1,1,0,0,7,7,6,6,5,5,4,4,3,3,2],"userEdges":[5,0]}]}]}],"animation":[{"duration":0,"playTimes":0,"name":"newAnimation"}],"defaultActions":[{"gotoAndPlay":"newAnimation"}]}]}